BRL;ItemTime;ItemTime (local date);ItemTime (local time);BlobType;BlobSize;Barcode;CreateTime;CreateTime (local date);CreateTime (local time);Destination;DestinationAirport;DestinationDate;DestinationFlightNr;DestinationSource;Duration;FinishTime;FinishTime (local date);FinishTime (local time);Flags;LicensePlate;OCRExecute;OCRQueue;OCRRemarks;OCRResult;OCRStart;PieceId;ProcessPlanIDName;ProcessPlanIDVersion;Remarks;Side;SideSequence;Source;SpecialCategories;Status;Transfer;Tunnel;TunnelDuration;TunnelRemarks;TunnelSignals;TunnelType;VCSLicenseExecute;VCSLicenseQueue;VCSLicenseRemarks;VCSLicenseResult;VCSLicenseStart;VCSLicenseUser;VCSNoBSMExecute;VCSNoBSMQueue;VCSNoBSMRemarks;VCSNoBSMResult;VCSNoBSMStart;VCSNoBSMUser
D01/00000D45A14E0007;132303888233406320;2020-04-03;15:00:23.341;application/x-bolt;25289;0950721147;132303888019760000;2020-04-03;15:00:01.976;;;;;;18007;132303888199830000;2020-04-03;15:00:19.983;;;;;;;;132000_0034341920;;;;;;EDI+EDI;;Accept;;132000;2413;;123;Departures;;;;;;;;;;;;
D01/00000D45A1550007;132303888262981261;2020-04-03;15:00:26.298;application/x-bolt;24884;0950721149;132303888049440000;2020-04-03;15:00:04.944;;;;;;18007;132303888229510000;2020-04-03;15:00:22.951;;;;;;;;132000_0034341921;;;;;;EDI+EDI;;Accept;;132000;2451;;123;Departures;;;;;;;;;;;;
D01/00000D45A15C0006;132303888367019001;2020-04-03;15:00:36.702;application/x-bolt;21190;0950721146;132303888153470000;2020-04-03;15:00:15.347;;;;;;18008;132303888333550000;2020-04-03;15:00:33.355;;;;;;;;132000_0034341922;;;;;;EDI+EDI;;Accept;;132000;3510;;123;Departures;;;;;;;;;;;;
D01/00000D45A1620007;132303888601146459;2020-04-03;15:01:00.115;application/x-bolt;24795;0950721151 / 0950721158 / 0096480378;132303888387460000;2020-04-03;15:00:38.746;;;;;;18007;132303888567530000;2020-04-03;15:00:56.753;;;;;;;;132000_0034341923;;;Multiple main barcodes detected;;;EDI+EDI;;Accept;;132000;2416;;123;Departures;;;;;;;;;;;;
D01/00000D45A1690006;132303888627048302;2020-04-03;15:01:02.705;application/x-bolt;23976;0950721150;132303888413420000;2020-04-03;15:00:41.342;;;;;;18007;132303888593490000;2020-04-03;15:00:59.349;;;;;;;;132000_0034341924;;;;;;EDI+EDI;;Accept;;132000;2401;;123;Departures;;;;;;;;;;;;
D01/00000D45A16F0007;132303888843650975;2020-04-03;15:01:24.365;application/x-bolt;26375;0950721152;132303888629790000;2020-04-03;15:01:02.979;;;;;;18007;132303888809860000;2020-04-03;15:01:20.986;;;;;;;;132000_0034341925;;;;;;EDI+EDI;;Accept;;132000;2429;;123;Departures;;;;;;;;;;;;
D01/00000D45A1760006;132303889054598883;2020-04-03;15:01:45.460;application/x-bolt;23773;0950721153;132303888840920000;2020-04-03;15:01:24.092;;;;;;18006;132303889020980000;2020-04-03;15:01:42.098;;;;;;;;132000_0034341926;;;;Camera06;05;EDI+EDI;;Accept;;132000;2775;;123;Departures;;;;;;;;;;;;
D01/00000D45A17C0007;132303889084103768;2020-04-03;15:01:48.410;application/x-bolt;24638;0950721156;132303888870460000;2020-04-03;15:01:27.046;;;;;;18007;132303889050530000;2020-04-03;15:01:45.053;;;;;;;;132000_0034341927;;;;;;EDI+EDI;;Accept;;132000;2436;;123;Departures;;;;;;;;;;;;
D01/00000D45A1830006;132303889281450200;2020-04-03;15:02:08.145;application/x-bolt;24017;0950721154;132303889067720000;2020-04-03;15:01:46.772;;;;;;18006;132303889247780000;2020-04-03;15:02:04.778;;;;;;;;132000_0034341928;;;;Camera03;12;EDI+EDI;;Accept;;132000;2408;;123;Departures;;;;;;;;;;;;
D01/00000D45A1890006;132303889333444047;2020-04-03;15:02:13.344;application/x-bolt;21387;0950721155;132303889119760000;2020-04-03;15:01:51.976;;;;;;18007;132303889299830000;2020-04-03;15:02:09.983;;;;;;;;132000_0034341929;;;;;;EDI+EDI;;Accept;;132000;2415;;123;Departures;;;;;;;;;;;;
D01/00000D45A18F0007;132303889500454904;2020-04-03;15:02:30.045;application/x-bolt;26863;0950721160;132303889286960000;2020-04-03;15:02:08.696;;;;;;18006;132303889467020000;2020-04-03;15:02:26.702;;;;;;;;132000_0034341930;;;;;;EDI+EDI;;Accept;;132000;2437;;123;Departures;;;;;;;;;;;;
D01/00000D45A1960007;132303889645237006;2020-04-03;15:02:44.524;application/x-bolt;24876;0950721161;132303889431440000;2020-04-03;15:02:23.144;;;;;;18008;132303889611520000;2020-04-03;15:02:41.152;;;;;;;;132000_0034341931;;;;;;EDI+EDI;;Accept;;132000;2435;;123;Departures;;;;;;;;;;;;
D01/00000D45A19D0007;132303889698892257;2020-04-03;15:02:49.889;application/x-bolt;25132;0950721159;132303889485120000;2020-04-03;15:02:28.512;;;;;;18007;132303889665190000;2020-04-03;15:02:46.519;;;;;;;;132000_0034341932;;;;Camera04;01;EDI+EDI;;Accept;;132000;2425;;123;Departures;;;;;;;;;;;;
D01/00000D45A1A40006;132303889931778661;2020-04-03;15:03:13.178;application/x-bolt;21353;0950721162;132303889718020000;2020-04-03;15:02:51.802;;;;;;18013;132303889898150000;2020-04-03;15:03:09.815;;;;;;;;132000_0034341933;;;;;;EDI+EDI;;Accept;;132000;2432;;123;Departures;;;;;;;;;;;;
D01/00000D45A1AA0006;132303890165535806;2020-04-03;15:03:36.554;application/x-bolt;21436;0950721158;132303889951810000;2020-04-03;15:03:15.181;;;;;;18007;132303890131880000;2020-04-03;15:03:33.188;;;;;;;;132000_0034341934;;;;;;EDI+EDI;;Accept;;132000;3677;;123;Departures;;;;;;;;;;;;
D01/00000D45A1B00006;132303890357127388;2020-04-03;15:03:55.713;application/x-bolt;22840;0950721157;132303890143440000;2020-04-03;15:03:34.344;;;;;;18007;132303890323510000;2020-04-03;15:03:52.351;;;;;;;;132000_0034341935;;;;Camera06;08;EDI+EDI;;Accept;;132000;4513;;123;Departures;;;;;;;;;;;;
D01/00000D45A1B60006;132303890617557026;2020-04-03;15:04:21.756;application/x-bolt;24158;0950721164;132303890403690000;2020-04-03;15:04:00.369;;;;;;18007;132303890583760000;2020-04-03;15:04:18.376;;;;;;;;132000_0034341936;;;;;;EDI+EDI;;Accept;;132000;2459;;123;Departures;;;;;;;;;;;;
D01/00000D45A1BC0006;132303890729581503;2020-04-03;15:04:32.958;application/x-bolt;23370;0950721163;132303890515900000;2020-04-03;15:04:11.590;;;;;;18006;132303890695960000;2020-04-03;15:04:29.596;;;;;;;;132000_0034341937;;;;Camera04;03;EDI+EDI;;Accept;;132000;2456;;123;Departures;;;;;;;;;;;;
D01/00000D45A1C20006;132303891305096867;2020-04-03;15:05:30.510;application/x-bolt;23377;0950721165;132303891091330000;2020-04-03;15:05:09.133;;;;;;18008;132303891271410000;2020-04-03;15:05:27.141;;;;;;;;132000_0034341938;;;;Camera01;09;EDI+EDI;;Accept;;132000;2464;;123;Departures;;;;;;;;;;;;
D01/00000D45A1C80006;132303891333791075;2020-04-03;15:05:33.379;application/x-bolt;23939;0950721167;132303891120060000;2020-04-03;15:05:12.006;;;;;;18007;132303891300130000;2020-04-03;15:05:30.013;;;;;;;;132000_0034341939;;;;Camera05;05;EDI+EDI;;Accept;;132000;2451;;123;Departures;;;;;;;;;;;;
D01/00000D45A1CE0006;132303891425098073;2020-04-03;15:05:42.510;application/x-bolt;23873;0950721132;132303891211220000;2020-04-03;15:05:21.122;;;;;;18008;132303891391300000;2020-04-03;15:05:39.130;;;;;;;;132000_0034341941;;;;;;EDI+EDI;;Accept;;132000;2461;;123;Departures;;;;;;;;;;;;
D01/00000D45A1D40007;132303891507877887;2020-04-03;15:05:50.788;application/x-bolt;25505;0950721168 / 0950721166;132303891365470000;2020-04-03;15:05:36.547;;;;;;10873;132303891474200000;2020-04-03;15:05:47.420;;;;;;;;132000_0034341949;;;Multiple main barcodes detected;;;EDI+EDI;;Accept;;132000;2431;;123;Departures;;;;;;;;;;;;
D01/00000D45A1DB0007;132303891603778763;2020-04-03;15:06:00.378;application/x-bolt;24848;0950721174;132303891389960000;2020-04-03;15:05:38.996;;;;;;18006;132303891570020000;2020-04-03;15:05:57.002;;;;;;;;132000_0034341944;;;;;;EDI+EDI;;Accept;;132000;2439;;123;Departures;;;;;;;;;;;;
D01/00000D45A1E20007;132303891660826878;2020-04-03;15:06:06.083;application/x-bolt;24718;0950721172;132303891447090000;2020-04-03;15:05:44.709;;;;;;18006;132303891627150000;2020-04-03;15:06:02.715;;;;;;;;132000_0034341943;;;;;;EDI+EDI;;Accept;;132000;2442;;123;Departures;;;;;;;;;;;;
D01/00000D45A1E90007;132303891746949522;2020-04-03;15:06:14.695;application/x-bolt;26534;0950721175;132303891533240000;2020-04-03;15:05:53.324;;;;;;18006;132303891713300000;2020-04-03;15:06:11.330;;;;;;;;132000_0034341945;;;;;;EDI+EDI;;Accept;;132000;2462;;123;Departures;;;;;;;;;;;;
D01/00000D45A1F00007;132303893740350676;2020-04-03;15:09:34.035;application/x-bolt;24565;0950721169;132303893526420000;2020-04-03;15:09:12.642;;;;;;18007;132303893706490000;2020-04-03;15:09:30.649;;;;;;;;132000_0034341946;;;;;;EDI+EDI;;Accept;;132000;2327;;123;Departures;;;;;;;;;;;;
D01/00000D45A1F70006;132303893768054040;2020-04-03;15:09:36.805;application/x-bolt;23865;0950721176;132303893554220000;2020-04-03;15:09:15.422;;;;;;18006;132303893734280000;2020-04-03;15:09:33.428;;;;;;;;132000_0034341948;;;;Camera05;01;EDI+EDI;;Accept;;132000;2345;;123;Departures;;;;;;;;;;;;
D01/00000D45A1FD0006;132303893794126030;2020-04-03;15:09:39.413;application/x-bolt;23776;0950721173;132303893580400000;2020-04-03;15:09:18.040;;;;;;18008;132303893760480000;2020-04-03;15:09:36.048;;;;;;;;132000_0034341947;;;;Camera03;04;EDI+EDI;;Accept;;132000;2318;;123;Departures;;;;;;;;;;;;
D01/00000D45A2030006;132303893851574477;2020-04-03;15:09:45.157;application/x-bolt;22962;0950721177;132303893637810000;2020-04-03;15:09:23.781;;;;;;18007;132303893817880000;2020-04-03;15:09:41.788;;;;;;;;132000_0034341950;;;;Camera03;06;EDI+EDI;;Accept;;132000;2351;;123;Departures;;;;;;;;;;;;
D01/00000D45A2090007;132303893879327880;2020-04-03;15:09:47.933;application/x-bolt;24720;0950721171;132303893664890000;2020-04-03;15:09:26.489;;;;;;18072;132303893845610000;2020-04-03;15:09:44.561;;;;;;;;132000_0034341951;;;;;;EDI+EDI;;Accept;;132000;2381;;123;Departures;;;;;;;;;;;;
D01/00000D45A2100006;132303893903127951;2020-04-03;15:09:50.313;application/x-bolt;21449;0950721179;132303893689460000;2020-04-03;15:09:28.946;;;;;;18007;132303893869530000;2020-04-03;15:09:46.953;;;;;;;;132000_0034341952;;;;;;EDI+EDI;;Accept;;132000;2371;;123;Departures;;;;;;;;;;;;
D01/00000D45A2160007;132303893931571943;2020-04-03;15:09:53.157;application/x-bolt;24854;0950721178;132303893717890000;2020-04-03;15:09:31.789;;;;;;18008;132303893897970000;2020-04-03;15:09:49.797;;;;;;;;132000_0034341953;;;;;;EDI+EDI;;Accept;;132000;2341;;123;Departures;;;;;;;;;;;;
D01/00000D45A21D0006;132303894035877217;2020-04-03;15:10:03.588;application/x-bolt;23853;0950721180;132303893822140000;2020-04-03;15:09:42.214;;;;;;18008;132303894002220000;2020-04-03;15:10:00.222;;;;;;;;132000_0034341954;;;;Camera02;11;EDI+EDI;;Accept;;132000;2375;;123;Departures;;;;;;;;;;;;
D01/00000D45A2230007;132303894064128880;2020-04-03;15:10:06.413;application/x-bolt;25518;0950721170;132303893850220000;2020-04-03;15:09:45.022;;;;;;18007;132303894030290000;2020-04-03;15:10:03.029;;;;;;;;132000_0034341955;;;;;;EDI+EDI;;Accept;;132000;2377;;123;Departures;;;;;;;;;;;;
D01/00000D45A22A0006;132303894201504218;2020-04-03;15:10:20.150;application/x-bolt;23788;0950721183;132303893987590000;2020-04-03;15:09:58.759;;;;;;18008;132303894167670000;2020-04-03;15:10:16.767;;;;;;;;132000_0034341956;;;;Camera03;10;EDI+EDI;;Accept;;132000;2386;;123;Departures;;;;;;;;;;;;
D01/00000D45A2300007;132303894235510294;2020-04-03;15:10:23.551;application/x-bolt;24836;0950721182;132303894021700000;2020-04-03;15:10:02.170;;;;;;18007;132303894201770000;2020-04-03;15:10:20.177;;;;;;;;132000_0034341959;;;;;;EDI+EDI;;Accept;;132000;2422;;123;Departures;;;;;;;;;;;;
D01/00000D45A23E0006;132303894273829679;2020-04-03;15:10:27.383;application/x-bolt;22517;0950721174;132303894033810000;2020-04-03;15:10:03.381;;;;;;18007;132303894213880000;2020-04-03;15:10:21.388;;;;;;;;131900_0034341973;;;;Camera06;05;EDI+EDI;;Accept;;131900;2219;;123;Departures;;;;;;;;;;;;
D01/00000D45A2370007;132303894266504059;2020-04-03;15:10:26.650;application/x-bolt;24955;0950721185;132303894051980000;2020-04-03;15:10:05.198;;;;;;18076;132303894232740000;2020-04-03;15:10:23.274;;;;;;;;132000_0034341957;;;;;;EDI+EDI;;Accept;;132000;2433;;123;Departures;;;;;;;;;;;;
D01/00000D45A2440006;132303894325719466;2020-04-03;15:10:32.572;application/x-bolt;24013;0950721184;132303894111870000;2020-04-03;15:10:11.187;;;;;;18009;132303894291960000;2020-04-03;15:10:29.196;;;;;;;;132000_0034341958;;;;Camera04;09;EDI+EDI;;Accept;;132000;2434;;123;Departures;;;;;;;;;;;;
D01/00000D45A24A0006;132303894401527595;2020-04-03;15:10:40.153;application/x-bolt;23969;0950721166;132303894161420000;2020-04-03;15:10:16.142;;;;;;18007;132303894341490000;2020-04-03;15:10:34.149;;;;;;;;131900_0034341976;;;;;;EDI+EDI;;Accept;;131900;4397;;123;Departures;;;;;;;;;;;;
D01/00000D45A2500006;132303894427957861;2020-04-03;15:10:42.796;application/x-bolt;21275;0950721181;132303894214230000;2020-04-03;15:10:21.423;;;;;;18012;132303894394350000;2020-04-03;15:10:39.435;;;;;;;;132000_0034341961;;;;;;EDI+EDI;;Accept;;132000;2426;;123;Departures;;;;;;;;;;;;
D01/00000D45A2560007;132303894689568456;2020-04-03;15:11:08.957;application/x-bolt;25494;0950721186;132303894475610000;2020-04-03;15:10:47.561;;;;;;18008;132303894655690000;2020-04-03;15:11:05.569;;;;;;;;132000_0034341962;;;;;;EDI+EDI;;Accept;;132000;2420;;123;Departures;;;;;;;;;;;;
D01/00000D45A25D0006;132303894724094934;2020-04-03;15:11:12.409;application/x-bolt;23891;0950721190;132303894510270000;2020-04-03;15:10:51.027;;;;;;18006;132303894690330000;2020-04-03;15:11:09.033;;;;;;;;132000_0034341965;;;;;;EDI+EDI;;Accept;;132000;2425;;123;Departures;;;;;;;;;;;;
D01/00000D45A2630007;132303894748123353;2020-04-03;15:11:14.812;application/x-bolt;27724;0950721189;132303894534380000;2020-04-03;15:10:53.438;;;;;;18007;132303894714450000;2020-04-03;15:11:11.445;;;;;;;;132000_0034341964;;;;;;EDI+EDI;;Accept;;132000;2460;;123;Departures;;;;;;;;;;;;
D01/00000D45A26A0007;132303894779537444;2020-04-03;15:11:17.954;application/x-bolt;28118;0950721187;132303894565750000;2020-04-03;15:10:56.575;;;;;;18007;132303894745820000;2020-04-03;15:11:14.582;;;;;;;;132000_0034341966;;;;;;EDI+EDI;;Accept;;132000;2472;;123;Departures;;;;;;;;;;;;
D01/00000D45A2710007;132303894838552696;2020-04-03;15:11:23.855;application/x-bolt;24401;0950721188;132303894624800000;2020-04-03;15:11:02.480;;;;;;18007;132303894804870000;2020-04-03;15:11:20.487;;;;;;;;132000_0034341968;;;;Camera01;09;EDI+EDI;;Accept;;132000;2471;;123;Departures;;;;;;;;;;;;
D01/00000D45A2780007;132303894869876718;2020-04-03;15:11:26.988;application/x-bolt;24581;0950721193;132303894656090000;2020-04-03;15:11:05.609;;;;;;18008;132303894836170000;2020-04-03;15:11:23.617;;;;;;;;132000_0034341967;;;;;;EDI+EDI;;Accept;;132000;2478;;123;Departures;;;;;;;;;;;;
D01/00000D45A27F0007;132303894899529453;2020-04-03;15:11:29.953;application/x-bolt;24373;0950721191;132303894685050000;2020-04-03;15:11:08.505;;;;;;18083;132303894865880000;2020-04-03;15:11:26.588;;;;;;;;132000_0034341969;;;;;;EDI+EDI;;Accept;;132000;2478;;123;Departures;;;;;;;;;;;;
D01/00000D45A2860007;132303895003569227;2020-04-03;15:11:40.357;application/x-bolt;24687;0950721195;132303894789770000;2020-04-03;15:11:18.977;;;;;;18007;132303894969840000;2020-04-03;15:11:36.984;;;;;;;;132000_0034341970;;;;;;EDI+EDI;;Accept;;132000;2476;;123;Departures;;;;;;;;;;;;
D01/00000D45A28D0006;132303895065176468;2020-04-03;15:11:46.518;application/x-bolt;24036;0950721192;132303894851380000;2020-04-03;15:11:25.138;;;;;;18008;132303895031460000;2020-04-03;15:11:43.146;;;;;;;;132000_0034341972;;;;;;EDI+EDI;;Accept;;132000;2468;;123;Departures;;;;;;;;;;;;
D01/00000D45A2930007;132303895096160226;2020-04-03;15:11:49.616;application/x-bolt;26617;0950721194;132303894881730000;2020-04-03;15:11:28.173;;;;;;18078;132303895062510000;2020-04-03;15:11:46.251;;;;;;;;132000_0034341971;;;;;;EDI+EDI;;Accept;;132000;2460;;123;Departures;;;;;;;;;;;;
D01/00000D45A29A0006;132303895239810373;2020-04-03;15:12:03.981;application/x-bolt;21322;0950721196;132303895026060000;2020-04-03;15:11:42.606;;;;;;18008;132303895206140000;2020-04-03;15:12:00.614;;;;;;;;132000_0034341974;;;;;;EDI+EDI;;Accept;;132000;2472;;123;Departures;;;;;;;;;;;;
D01/00000D45A2A00007;132303895296363736;2020-04-03;15:12:09.636;application/x-bolt;27199;0950721197;132303895082030000;2020-04-03;15:11:48.203;;;;;;18063;132303895262660000;2020-04-03;15:12:06.266;;;;;;;;132000_0034341975;;;;;;EDI+EDI;;Accept;;132000;2475;;123;Departures;;;;;;;;;;;;
D01/00000D45A2A70006;132303895453023861;2020-04-03;15:12:25.302;application/x-bolt;21370;0950721198;132303895239320000;2020-04-03;15:12:03.932;;;;;;18007;132303895419390000;2020-04-03;15:12:21.939;;;;;;;;132000_0034341977;;;;;;EDI+EDI;;Accept;;132000;2925;;123;Departures;;;;;;;;;;;;
D01/00000D45A2AD0007;132303896283160397;2020-04-03;15:13:48.316;application/x-bolt;26043;0950721199;132303896069480000;2020-04-03;15:13:26.948;;;;;;18006;132303896249540000;2020-04-03;15:13:44.954;;;;;;;;132000_0034341978;;;;;;EDI+EDI;;Accept;;132000;2488;;123;Departures;;;;;;;;;;;;
D01/00000D45A2B40006;132303896425359432;2020-04-03;15:14:02.536;application/x-bolt;21403;0950721200;132303896211710000;2020-04-03;15:13:41.171;;;;;;18007;132303896391780000;2020-04-03;15:13:59.178;;;;;;;;132000_0034341979;;;;;;EDI+EDI;;Accept;;132000;2482;;123;Departures;;;;;;;;;;;;
D01/00000D45A2BA0007;132303896847002738;2020-04-03;15:14:44.700;application/x-bolt;25372;0950721202;132303896633260000;2020-04-03;15:14:23.326;;;;;;18008;132303896813340000;2020-04-03;15:14:41.334;;;;;;;;132000_0034341980;;;;;;EDI+EDI;;Accept;;132000;2465;;123;Departures;;;;;;;;;;;;
D01/00000D45A2C10007;132303896969896971;2020-04-03;15:14:56.990;application/x-bolt;24399;0950721204;132303896756200000;2020-04-03;15:14:35.620;;;;;;18007;132303896936270000;2020-04-03;15:14:53.627;;;;;;;;132000_0034341981;;;;;;EDI+EDI;;Accept;;132000;3224;;123;Departures;;;;;;;;;;;;
D01/00000D45A2C80006;132303896998889201;2020-04-03;15:14:59.889;application/x-bolt;23081;0950721201;132303896785240000;2020-04-03;15:14:38.524;;;;;;18006;132303896965300000;2020-04-03;15:14:56.530;;;;;;;;132000_0034341982;;;;Camera04;03;EDI+EDI;;Accept;;132000;2516;;123;Departures;;;;;;;;;;;;
D01/00000D45A2CE0006;132303897028663484;2020-04-03;15:15:02.866;application/x-bolt;23481;0950721203;132303896815020000;2020-04-03;15:14:41.502;;;;;;18008;132303896995100000;2020-04-03;15:14:59.510;;;;;;;;132000_0034341983;;;;Camera02;10;EDI+EDI;;Accept;;132000;2482;;123;Departures;;;;;;;;;;;;
D01/00000D45A2D40006;132303897302657605;2020-04-03;15:15:30.266;application/x-bolt;23971;0950721207;132303897088930000;2020-04-03;15:15:08.893;;;;;;18007;132303897269000000;2020-04-03;15:15:26.900;;;;;;;;132000_0034341984;;;;Camera04;04;EDI+EDI;;Accept;;132000;2502;;123;Departures;;;;;;;;;;;;
D01/00000D45A2DA0006;132303897336405208;2020-04-03;15:15:33.641;application/x-bolt;23771;0950721205;132303897122430000;2020-04-03;15:15:12.243;;;;;;18007;132303897302500000;2020-04-03;15:15:30.250;;;;;;;;132000_0034341986;;;;Camera06;04;EDI+EDI;;Accept;;132000;2494;;123;Departures;;;;;;;;;;;;
D01/00000D45A2E00007;132303897424317120;2020-04-03;15:15:42.432;application/x-bolt;24488;0950721210 / 0000928923;132303897210670000;2020-04-03;15:15:21.067;;;;;;18006;132303897390730000;2020-04-03;15:15:39.073;;;;;;;;132000_0034341988;;;Multiple main barcodes detected;;;EDI+EDI;;Accept;;132000;2503;;123;Departures;;;;;;;;;;;;
D01/00000D45A2E70007;132303897450978930;2020-04-03;15:15:45.098;application/x-bolt;24173;0950721208;132303897237400000;2020-04-03;15:15:23.740;;;;;;18006;132303897417460000;2020-04-03;15:15:41.746;;;;;;;;132000_0034341987;;;;Camera02;10;EDI+EDI;;Accept;;132000;2458;;123;Departures;;;;;;;;;;;;
D01/00000D45A2EE0007;132303897481734087;2020-04-03;15:15:48.173;application/x-bolt;24311;0950721206;132303897267990000;2020-04-03;15:15:26.799;;;;;;18022;132303897448210000;2020-04-03;15:15:44.821;;;;;;;;132000_0034341989;;;;;;EDI+EDI;;Accept;;132000;2478;;123;Departures;;;;;;;;;;;;
D01/00000D45A2F50007;132303897677894546;2020-04-03;15:16:07.789;application/x-bolt;25120;0950721209;132303897464130000;2020-04-03;15:15:46.413;;;;;;18007;132303897644200000;2020-04-03;15:16:04.420;;;;;;;;132000_0034341990;;;;;;EDI+EDI;;Accept;;132000;2511;;123;Departures;;;;;;;;;;;;
D01/00000D45A2FC0006;132303897764215155;2020-04-03;15:16:16.422;application/x-bolt;24154;0950721211;132303897550660000;2020-04-03;15:15:55.066;;;;;;18007;132303897730730000;2020-04-03;15:16:13.073;;;;;;;;132000_0034341991;;;;;;EDI+EDI;;Accept;;132000;3793;;123;Departures;;;;;;;;;;;;
D01/00000D45A3020006;132303898921021469;2020-04-03;15:18:12.102;application/x-bolt;24101;0950721212 / 0950725751;132303898707260000;2020-04-03;15:17:50.726;;;;;;18020;132303898887460000;2020-04-03;15:18:08.746;;;;;;;;132000_0034341992;;;Multiple main barcodes detected;;;EDI+EDI;;Accept;;132000;2355;;123;Departures;;;;;;;;;;;;
D01/00000D45A3080007;132303899015258506;2020-04-03;15:18:21.526;application/x-bolt;24783;0950721215;132303898801600000;2020-04-03;15:18:00.160;;;;;;18007;132303898981670000;2020-04-03;15:18:18.167;;;;;;;;132000_0034341993;;;;;;EDI+EDI;;Accept;;132000;2691;;123;Departures;;;;;;;;;;;;
D01/00000D45A30F0006;132303899042991194;2020-04-03;15:18:24.299;application/x-bolt;23897;0950721213;132303898829370000;2020-04-03;15:18:02.937;;;;;;18007;132303899009440000;2020-04-03;15:18:20.944;;;;;;;;132000_0034341994;;;;Camera04;03;EDI+EDI;;Accept;;132000;2391;;123;Departures;;;;;;;;;;;;
D01/00000D45A3150007;132303899209107078;2020-04-03;15:18:40.911;application/x-bolt;24906;0950721218;132303898995470000;2020-04-03;15:18:19.547;;;;;;18007;132303899175540000;2020-04-03;15:18:37.554;;;;;;;;132000_0034341995;;;;;;EDI+EDI;;Accept;;132000;2383;;123;Departures;;;;;;;;;;;;
D01/00000D45A31C0006;132303899399232603;2020-04-03;15:18:59.923;application/x-bolt;22763;0950721217;132303899185550000;2020-04-03;15:18:38.555;;;;;;18006;132303899365610000;2020-04-03;15:18:56.561;;;;;;;;132000_0034341996;;;;Camera04;10;EDI+EDI;;Accept;;132000;2372;;123;Departures;;;;;;;;;;;;
D01/00000D45A3220007;132303899690711024;2020-04-03;15:19:29.071;application/x-bolt;24211;0950721216;132303899476960000;2020-04-03;15:19:07.696;;;;;;18007;132303899657030000;2020-04-03;15:19:25.703;;;;;;;;132000_0034341997;;;;;;EDI+EDI;;Accept;;132000;2399;;123;Departures;;;;;;;;;;;;
D01/00000D45A3290007;132303900001955644;2020-04-03;15:20:00.196;application/x-bolt;24648;0950721220;132303899788230000;2020-04-03;15:19:38.823;;;;;;18006;132303899968290000;2020-04-03;15:19:56.829;;;;;;;;132000_0034341998;;;;;;EDI+EDI;;Accept;;132000;2411;;123;Departures;;;;;;;;;;;;
D01/00000D45A3300007;132303900401427482;2020-04-03;15:20:40.143;application/x-bolt;27124;0950721222;132303900187580000;2020-04-03;15:20:18.758;;;;;;18008;132303900367660000;2020-04-03;15:20:36.766;;;;;;;;132000_0034341999;;;;;;EDI+EDI;;Accept;;132000;2378;;123;Departures;;;;;;;;;;;;
D01/00000D45A3370006;132303900464439825;2020-04-03;15:20:46.444;application/x-bolt;23989;0950721226;132303900250650000;2020-04-03;15:20:25.065;;;;;;18009;132303900430740000;2020-04-03;15:20:43.074;;;;;;;;132000_0034342000;;;;;;EDI+EDI;;Accept;;132000;2424;;123;Departures;;;;;;;;;;;;
D01/00000D45A33D0006;132303900488810067;2020-04-03;15:20:48.881;application/x-bolt;23998;0950721221;132303900275170000;2020-04-03;15:20:27.517;;;;;;18008;132303900455250000;2020-04-03;15:20:45.525;;;;;;;;132000_0034342001;;;;Camera02;08;EDI+EDI;;Accept;;132000;2410;;123;Departures;;;;;;;;;;;;
D01/00000D45A3430006;132303900546387895;2020-04-03;15:20:54.639;application/x-bolt;21415;0950721223;132303900332700000;2020-04-03;15:20:33.270;;;;;;18008;132303900512780000;2020-04-03;15:20:51.278;;;;;;;;132000_0034342002;;;;;;EDI+EDI;;Accept;;132000;2364;;123;Departures;;;;;;;;;;;;
D01/00000D45A3490007;132303900575371972;2020-04-03;15:20:57.537;application/x-bolt;24690;0950721229;132303900361890000;2020-04-03;15:20:36.189;;;;;;18008;132303900541970000;2020-04-03;15:20:54.197;;;;;;;;132000_0034342003;;;;;;EDI+EDI;;Accept;;132000;2378;;123;Departures;;;;;;;;;;;;
D01/00000D45A3500006;132303900607678811;2020-04-03;15:21:00.768;application/x-bolt;23829;0950721224;132303900393990000;2020-04-03;15:20:39.399;;;;;;18012;132303900574110000;2020-04-03;15:20:57.411;;;;;;;;132000_0034342004;;;;;;EDI+EDI;;Accept;;132000;2388;;123;Departures;;;;;;;;;;;;
D01/00000D45A3560006;132303900631448552;2020-04-03;15:21:03.145;application/x-bolt;22758;0950721231;132303900417820000;2020-04-03;15:20:41.782;;;;;;18007;132303900597890000;2020-04-03;15:20:59.789;;;;;;;;132000_0034342005;;;;Camera05;09;EDI+EDI;;Accept;;132000;2394;;123;Departures;;;;;;;;;;;;
D01/00000D45A35C0006;132303900775348090;2020-04-03;15:21:17.535;application/x-bolt;23200;0950721230;132303900561700000;2020-04-03;15:20:56.170;;;;;;18008;132303900741780000;2020-04-03;15:21:14.178;;;;;;;;132000_0034342006;;;;Camera02;09;EDI+EDI;;Accept;;132000;2684;;123;Departures;;;;;;;;;;;;
D01/00000D45A3620006;132303900829923421;2020-04-03;15:21:22.992;application/x-bolt;23570;0950721225;132303900616250000;2020-04-03;15:21:01.625;;;;;;18008;132303900796330000;2020-04-03;15:21:19.633;;;;;;;;132000_0034342007;;;;Camera05;03;EDI+EDI;;Accept;;132000;2418;;123;Departures;;;;;;;;;;;;
D01/00000D45A3680006;132303900994570193;2020-04-03;15:21:39.457;application/x-bolt;23011;0950721227 / 0815202471;132303900780880000;2020-04-03;15:21:18.088;;;;;;18008;132303900960960000;2020-04-03;15:21:36.096;;;;;;;;132000_0034342008;;;Multiple main barcodes detected;Camera03;03;EDI+EDI;;Accept;;132000;2441;;123;Departures;;;;;;;;;;;;
D01/00000D45A36E0006;132303901146816659;2020-04-03;15:21:54.682;application/x-bolt;23994;0950721232;132303900933220000;2020-04-03;15:21:33.322;;;;;;18007;132303901113290000;2020-04-03;15:21:51.329;;;;;;;;132000_0034342009;;;;;;EDI+EDI;;Accept;;132000;2420;;123;Departures;;;;;;;;;;;;
D01/00000D45A3740006;132303901173799073;2020-04-03;15:21:57.380;application/x-bolt;21507;0950721228;132303900960190000;2020-04-03;15:21:36.019;;;;;;18007;132303901140260000;2020-04-03;15:21:54.026;;;;;;;;132000_0034342010;;;;;;EDI+EDI;;Accept;;132000;2440;;123;Departures;;;;;;;;;;;;
D01/00000D45A37A0006;132303901452020187;2020-04-03;15:22:25.202;application/x-bolt;24018;0950721233;132303901236690000;2020-04-03;15:22:03.669;;;;;;18185;132303901418540000;2020-04-03;15:22:21.854;;;;;;;;132000_0034342011;;;;Camera03;03;EDI+EDI;;Accept;;132000;2420;;123;Departures;;;;;;;;;;;;
D01/00000D45A3800007;132303901563722975;2020-04-03;15:22:36.372;application/x-bolt;25777;0950721234;132303901350050000;2020-04-03;15:22:15.005;;;;;;18007;132303901530120000;2020-04-03;15:22:33.012;;;;;;;;132000_0034342012;;;;;;EDI+EDI;;Accept;;132000;3849;;123;Departures;;;;;;;;;;;;
D01/00000D45A3870007;132303901620730330;2020-04-03;15:22:42.073;application/x-bolt;24299;0950721235;132303901407070000;2020-04-03;15:22:20.707;;;;;;18007;132303901587140000;2020-04-03;15:22:38.714;;;;;;;;132000_0034342013;;;;Camera04;08;EDI+EDI;;Accept;;132000;2453;;123;Departures;;;;;;;;;;;;
D01/00000D45A38E0006;132303901877583694;2020-04-03;15:23:07.758;application/x-bolt;21419;0950721236;132303901664100000;2020-04-03;15:22:46.410;;;;;;18007;132303901844170000;2020-04-03;15:23:04.417;;;;;;;;132000_0034342014;;;;;;EDI+EDI;;Accept;;132000;2449;;123;Departures;;;;;;;;;;;;
D01/00000D45A3940007;132303902598962931;2020-04-03;15:24:19.896;application/x-bolt;24185;0950721238;132303902385160000;2020-04-03;15:23:58.516;;;;;;18009;132303902565250000;2020-04-03;15:24:16.525;;;;;;;;132000_0034342017;;;;Camera02;09;EDI+EDI;;Accept;;132000;2422;;123;Departures;;;;;;;;;;;;
D01/00000D45A39B0006;132303902639166326;2020-04-03;15:24:23.917;application/x-bolt;23822;0950721237;132303902425580000;2020-04-03;15:24:02.558;;;;;;18008;132303902605660000;2020-04-03;15:24:20.566;;;;;;;;132000_0034342016;;;;Camera02;13;EDI+EDI;;Accept;;132000;2453;;123;Departures;;;;;;;;;;;;
D01/00000D45A3A10006;132303903262946155;2020-04-03;15:25:26.295;application/x-bolt;23844;0950721241;132303903049140000;2020-04-03;15:25:04.914;;;;;;18007;132303903229210000;2020-04-03;15:25:22.921;;;;;;;;132000_0034342018;;;;Camera02;09;EDI+EDI;;Accept;;132000;2436;;123;Departures;;;;;;;;;;;;
D01/00000D45A3A70006;132303903295433353;2020-04-03;15:25:29.543;application/x-bolt;23438;0950721242;132303903081830000;2020-04-03;15:25:08.183;;;;;;18007;132303903261900000;2020-04-03;15:25:26.190;;;;;;;;132000_0034342019;;;;Camera03;05;EDI+EDI;;Accept;;132000;2420;;123;Departures;;;;;;;;;;;;
D01/00000D45A3AD0006;132303903324087333;2020-04-03;15:25:32.409;application/x-bolt;23144;0950721240;132303903110410000;2020-04-03;15:25:11.041;;;;;;18009;132303903290500000;2020-04-03;15:25:29.050;;;;;;;;132000_0034342020;;;;Camera02;11;EDI+EDI;;Accept;;132000;2436;;123;Departures;;;;;;;;;;;;
D01/00000D45A3B30006;132303903657876723;2020-04-03;15:26:05.788;application/x-bolt;24075;0950721245;132303903444100000;2020-04-03;15:25:44.410;;;;;;18007;132303903624170000;2020-04-03;15:26:02.417;;;;;;;;132000_0034342021;;;;;;EDI+EDI;;Accept;;132000;2460;;123;Departures;;;;;;;;;;;;
D01/00000D45A3B90006;132303903748872881;2020-04-03;15:26:14.887;application/x-bolt;23957;0950721244;132303903535170000;2020-04-03;15:25:53.517;;;;;;18007;132303903715240000;2020-04-03;15:26:11.524;;;;;;;;132000_0034342022;;;;Camera02;11;EDI+EDI;;Accept;;132000;2436;;123;Departures;;;;;;;;;;;;
D01/00000D45A3BF0006;132303903798064058;2020-04-03;15:26:19.806;application/x-bolt;22935;0950721243;132303903584340000;2020-04-03;15:25:58.434;;;;;;18006;132303903764400000;2020-04-03;15:26:16.440;;;;;;;;132000_0034342023;;;;;;EDI+EDI;;Accept;;132000;2461;;123;Departures;;;;;;;;;;;;
D01/00000D45A3C50007;132303903968106389;2020-04-03;15:26:36.811;application/x-bolt;24703;0950721247;132303903754290000;2020-04-03;15:26:15.429;;;;;;18007;132303903934360000;2020-04-03;15:26:33.436;;;;;;;;132000_0034342024;;;;;;EDI+EDI;;Accept;;132000;3428;;123;Departures;;;;;;;;;;;;
D01/00000D45A3CC0006;132303904002064812;2020-04-03;15:26:40.206;application/x-bolt;23078;0950721246;132303903788430000;2020-04-03;15:26:18.843;;;;;;18007;132303903968500000;2020-04-03;15:26:36.850;;;;;;;;132000_0034342025;;;;Camera03;07;EDI+EDI;;Accept;;132000;2301;;123;Departures;;;;;;;;;;;;
D01/00000D45A3D20007;132303904166282266;2020-04-03;15:26:56.628;application/x-bolt;24635;0950721248;132303903952530000;2020-04-03;15:26:35.253;;;;;;18007;132303904132600000;2020-04-03;15:26:53.260;;;;;;;;132000_0034342026;;;;;;EDI+EDI;;Accept;;132000;3613;;123;Departures;;;;;;;;;;;;
D01/00000D45A3D90007;132303904281979106;2020-04-03;15:27:08.198;application/x-bolt;24740;0950721249;132303904068270000;2020-04-03;15:26:46.827;;;;;;18007;132303904248340000;2020-04-03;15:27:04.834;;;;;;;;132000_0034342027;;;;;;EDI+EDI;;Accept;;132000;2402;;123;Departures;;;;;;;;;;;;
D01/00000D45A3E00007;132303904337765802;2020-04-03;15:27:13.777;application/x-bolt;24812;0950721251;132303904123980000;2020-04-03;15:26:52.398;;;;;;18008;132303904304060000;2020-04-03;15:27:10.406;;;;;;;;132000_0034342028;;;;;;EDI+EDI;;Accept;;132000;2405;;123;Departures;;;;;;;;;;;;
D01/00000D45A3E70007;132303904484148326;2020-04-03;15:27:28.415;application/x-bolt;25129;0950721250;132303904270470000;2020-04-03;15:27:07.047;;;;;;18008;132303904450550000;2020-04-03;15:27:25.055;;;;;;;;132000_0034342029;;;;;;EDI+EDI;;Accept;;132000;2447;;123;Departures;;;;;;;;;;;;
D01/00000D45A3EE0007;132303904674427597;2020-04-03;15:27:47.443;application/x-bolt;24200;0950721252;132303904460700000;2020-04-03;15:27:26.070;;;;;;18006;132303904640760000;2020-04-03;15:27:44.076;;;;;;;;132000_0034342030;;;;Camera04;06;EDI+EDI;;Accept;;132000;2422;;123;Departures;;;;;;;;;;;;
D01/00000D45A3F50006;132303905165999051;2020-04-03;15:28:36.600;application/x-bolt;23660;0950721254;132303904952180000;2020-04-03;15:28:15.218;;;;;;18007;132303905132250000;2020-04-03;15:28:33.225;;;;;;;;132000_0034342031;;;;Camera05;11;EDI+EDI;;Accept;;132000;3634;;123;Departures;;;;;;;;;;;;
D01/00000D45A3FB0006;132303905277322234;2020-04-03;15:28:47.732;application/x-bolt;23185;0950721253;132303905063620000;2020-04-03;15:28:26.362;;;;;;18007;132303905243690000;2020-04-03;15:28:44.369;;;;;;;;132000_0034342032;;;;Camera02;08;EDI+EDI;;Accept;;132000;2373;;123;Departures;;;;;;;;;;;;
D01/00000D45A4010006;132303905511878565;2020-04-03;15:29:11.188;application/x-bolt;23603;0950721257;132303905298080000;2020-04-03;15:28:49.808;;;;;;18007;132303905478150000;2020-04-03;15:29:07.815;;;;;;;;132000_0034342033;;;;Camera03;03;EDI+EDI;;Accept;;132000;2415;;123;Departures;;;;;;;;;;;;
D01/00000D45A4070006;132303905592846331;2020-04-03;15:29:19.285;application/x-bolt;23919;0950721255;132303905379170000;2020-04-03;15:28:57.917;;;;;;18007;132303905559240000;2020-04-03;15:29:15.924;;;;;;;;132000_0034342034;;;;Camera04;08;EDI+EDI;;Accept;;132000;2419;;123;Departures;;;;;;;;;;;;
D01/00000D45A40D0007;132303905645740606;2020-04-03;15:29:24.574;application/x-bolt;25627;0950721256;132303905432060000;2020-04-03;15:29:03.206;;;;;;18007;132303905612130000;2020-04-03;15:29:21.213;;;;;;;;132000_0034342035;;;;;;EDI+EDI;;Accept;;132000;2427;;123;Departures;;;;;;;;;;;;
D01/00000D45A4140007;132303905990549216;2020-04-03;15:29:59.055;application/x-bolt;24406;0950721259 / 0000641198;132303905776790000;2020-04-03;15:29:37.679;;;;;;18009;132303905956880000;2020-04-03;15:29:55.688;;;;;;;;132000_0034342037;;;Multiple main barcodes detected;;;EDI+EDI;;Accept;;132000;2399;;123;Departures;;;;;;;;;;;;
D01/00000D45A41B0006;132303906023597026;2020-04-03;15:30:02.360;application/x-bolt;23854;0950721258;132303905809870000;2020-04-03;15:29:40.987;;;;;;18006;132303905989930000;2020-04-03;15:29:58.993;;;;;;;;132000_0034342036;;;;Camera03;10;EDI+EDI;;Accept;;132000;2441;;123;Departures;;;;;;;;;;;;
D01/00000D45A4210007;132303906110029923;2020-04-03;15:30:11.003;application/x-bolt;24799;0950721261;132303905896340000;2020-04-03;15:29:49.634;;;;;;18007;132303906076410000;2020-04-03;15:30:07.641;;;;;;;;132000_0034342038;;;;;;EDI+EDI;;Accept;;132000;2436;;123;Departures;;;;;;;;;;;;
D01/00000D45A4280006;132303906141596544;2020-04-03;15:30:14.160;application/x-bolt;24047;0950721260;132303905927970000;2020-04-03;15:29:52.797;;;;;;18007;132303906108040000;2020-04-03;15:30:10.804;;;;;;;;132000_0034342039;;;;;;EDI+EDI;;Accept;;132000;2456;;123;Departures;;;;;;;;;;;;
D01/00000D45A42E0006;132303906590485118;2020-04-03;15:30:59.049;application/x-bolt;23331;0950721264;132303906376740000;2020-04-03;15:30:37.674;;;;;;18008;132303906556820000;2020-04-03;15:30:55.682;;;;;;;;132000_0034342041;;;;Camera03;06;EDI+EDI;;Accept;;132000;2429;;123;Departures;;;;;;;;;;;;
D01/00000D45A4340007;132303906621381175;2020-04-03;15:31:02.138;application/x-bolt;24214;0950721262;132303906406910000;2020-04-03;15:30:40.691;;;;;;18087;132303906587780000;2020-04-03;15:30:58.778;;;;;;;;132000_0034342040;;;;Camera02;05;EDI+EDI;;Accept;;132000;2450;;123;Departures;;;;;;;;;;;;
D01/00000D45A43B0006;132303906678129036;2020-04-03;15:31:07.813;application/x-bolt;21283;0950721263;132303906464400000;2020-04-03;15:30:46.440;;;;;;18007;132303906644470000;2020-04-03;15:31:04.447;;;;;;;;132000_0034342042;;;;;;EDI+EDI;;Accept;;132000;2464;;123;Departures;;;;;;;;;;;;
D01/00000D45A4410007;132303906818247206;2020-04-03;15:31:21.825;application/x-bolt;24871;0950721265;132303906604560000;2020-04-03;15:31:00.456;;;;;;18007;132303906784630000;2020-04-03;15:31:18.463;;;;;;;;132000_0034342043;;;;;;EDI+EDI;;Accept;;132000;2484;;123;Departures;;;;;;;;;;;;
D01/00000D45A4480007;132303906849383466;2020-04-03;15:31:24.938;application/x-bolt;24820;0950721266;132303906635610000;2020-04-03;15:31:03.561;;;;;;18007;132303906815680000;2020-04-03;15:31:21.568;;;;;;;;132000_0034342044;;;;;;EDI+EDI;;Accept;;132000;2475;;123;Departures;;;;;;;;;;;;
D01/00000D45A44F0006;132303906933464396;2020-04-03;15:31:33.346;application/x-bolt;23721;0950721267;132303906719710000;2020-04-03;15:31:11.971;;;;;;18007;132303906899780000;2020-04-03;15:31:29.978;;;;;;;;132000_0034342045;;;;Camera03;03;EDI+EDI;;Accept;;132000;2466;;123;Departures;;;;;;;;;;;;
D01/00000D45A4550007;132303907044047637;2020-04-03;15:31:44.405;application/x-bolt;24226;0950721269;132303906830200000;2020-04-03;15:31:23.020;;;;;;18007;132303907010270000;2020-04-03;15:31:41.027;;;;;;;;132000_0034342046;;;;Camera04;03;EDI+EDI;;Accept;;132000;2463;;123;Departures;;;;;;;;;;;;
D01/00000D45A45C0007;132303907220056075;2020-04-03;15:32:02.006;application/x-bolt;25823;0950721271;132303907006280000;2020-04-03;15:31:40.628;;;;;;18008;132303907186360000;2020-04-03;15:31:58.636;;;;;;;;132000_0034342047;;;;;;EDI+EDI;;Accept;;132000;2476;;123;Departures;;;;;;;;;;;;
D01/00000D45A4630007;132303907245627644;2020-04-03;15:32:04.563;application/x-bolt;25175;0950721268;132303907031770000;2020-04-03;15:31:43.177;;;;;;18007;132303907211840000;2020-04-03;15:32:01.184;;;;;;;;132000_0034342049;;;;;;EDI+EDI;;Accept;;132000;2474;;123;Departures;;;;;;;;;;;;
D01/00000D45A46A0006;132303907275502839;2020-04-03;15:32:07.550;application/x-bolt;23636;0950721270 / 0066835372;132303907061680000;2020-04-03;15:31:46.168;;;;;;18008;132303907241760000;2020-04-03;15:32:04.176;;;;;;;;132000_0034342048;;;Multiple main barcodes detected;Camera05;09;EDI+EDI;;Accept;;132000;2471;;123;Departures;;;;;;;;;;;;
D01/00000D45A4700006;132303907423277469;2020-04-03;15:32:22.328;application/x-bolt;23618;0950721272;132303907209610000;2020-04-03;15:32:00.961;;;;;;18007;132303907389680000;2020-04-03;15:32:18.968;;;;;;;;132000_0034342051;;;;Camera02;13;EDI+EDI;;Accept;;132000;2473;;123;Departures;;;;;;;;;;;;
D01/00000D45A4760007;132303907814577471;2020-04-03;15:33:01.458;application/x-bolt;24177;0950721273;132303907600800000;2020-04-03;15:32:40.080;;;;;;18007;132303907780870000;2020-04-03;15:32:58.087;;;;;;;;132000_0034342052;;;;Camera02;10;EDI+EDI;;Accept;;132000;2449;;123;Departures;;;;;;;;;;;;
D01/00000D45A47D0006;132303908036834921;2020-04-03;15:33:23.683;application/x-bolt;21340;0950721274;132303907823060000;2020-04-03;15:33:02.306;;;;;;18006;132303908003120000;2020-04-03;15:33:20.312;;;;;;;;132000_0034342053;;;;;;EDI+EDI;;Accept;;132000;2463;;123;Departures;;;;;;;;;;;;
D01/00000D45A4830006;132303908508452660;2020-04-03;15:34:10.845;application/x-bolt;23536;0950721275;132303908294530000;2020-04-03;15:33:49.453;;;;;;18019;132303908474720000;2020-04-03;15:34:07.472;;;;;;;;132000_0034342054;;;;;;EDI+EDI;;Accept;;132000;2453;;123;Departures;;;;;;;;;;;;
D01/00000D45A4890007;132303908566851914;2020-04-03;15:34:16.685;application/x-bolt;24282;0950721276;132303908353030000;2020-04-03;15:33:55.303;;;;;;18007;132303908533100000;2020-04-03;15:34:13.310;;;;;;;;132000_0034342055;;;;;;EDI+EDI;;Accept;;132000;2452;;123;Departures;;;;;;;;;;;;
D01/00000D45A4900006;132303908672150719;2020-04-03;15:34:27.215;application/x-bolt;24060;0950721278;132303908458320000;2020-04-03;15:34:05.832;;;;;;18006;132303908638380000;2020-04-03;15:34:23.838;;;;;;;;132000_0034342056;;;;Camera05;01;EDI+EDI;;Accept;;132000;2469;;123;Departures;;;;;;;;;;;;
D01/00000D45A4960006;132303908704287820;2020-04-03;15:34:30.429;application/x-bolt;23622;0950721277;132303908490510000;2020-04-03;15:34:09.051;;;;;;18006;132303908670570000;2020-04-03;15:34:27.057;;;;;;;;132000_0034342057;;;;Camera04;08;EDI+EDI;;Accept;;132000;2476;;123;Departures;;;;;;;;;;;;
D01/00000D45A49C0007;132303908878444702;2020-04-03;15:34:47.844;application/x-bolt;25418;0950721279;132303908664600000;2020-04-03;15:34:26.460;;;;;;18006;132303908844660000;2020-04-03;15:34:44.466;;;;;;;;132000_0034342058;;;;;;EDI+EDI;;Accept;;132000;2463;;123;Departures;;;;;;;;;;;;
D01/00000D45A4A30006;132303908936383563;2020-04-03;15:34:53.638;application/x-bolt;22968;0950721280;132303908722600000;2020-04-03;15:34:32.260;;;;;;18007;132303908902670000;2020-04-03;15:34:50.267;;;;;;;;132000_0034342059;;;;Camera04;03;EDI+EDI;;Accept;;132000;2467;;123;Departures;;;;;;;;;;;;
D01/00000D45A4A90007;132303909101012409;2020-04-03;15:35:10.101;application/x-bolt;24325;0950721281;132303908887160000;2020-04-03;15:34:48.716;;;;;;18008;132303909067240000;2020-04-03;15:35:06.724;;;;;;;;132000_0034342060;;;;Camera04;01;EDI+EDI;;Accept;;132000;2473;;123;Departures;;;;;;;;;;;;
D01/00000D45A4B00007;132303909155608449;2020-04-03;15:35:15.561;application/x-bolt;26416;0950721282;132303908941910000;2020-04-03;15:34:54.191;;;;;;18007;132303909121980000;2020-04-03;15:35:12.198;;;;;;;;132000_0034342061;;;;;;EDI+EDI;;Accept;;132000;2485;;123;Departures;;;;;;;;;;;;
D01/00000D45A4B70007;132303909675877225;2020-04-03;15:36:07.588;application/x-bolt;25283;0950721285;132303909462000000;2020-04-03;15:35:46.200;;;;;;18006;132303909642060000;2020-04-03;15:36:04.206;;;;;;;;132000_0034342062;;;;;;EDI+EDI;;Accept;;132000;2442;;123;Departures;;;;;;;;;;;;
D01/00000D45A4BE0007;132303909790623997;2020-04-03;15:36:19.062;application/x-bolt;24599;0950721286;132303909576760000;2020-04-03;15:35:57.676;;;;;;18009;132303909756850000;2020-04-03;15:36:15.685;;;;;;;;132000_0034342063;;;;;;EDI+EDI;;Accept;;132000;2459;;123;Departures;;;;;;;;;;;;
D01/00000D45A4C50006;132303909846040733;2020-04-03;15:36:24.604;application/x-bolt;23359;0950721288;132303909632120000;2020-04-03;15:36:03.212;;;;;;18007;132303909812190000;2020-04-03;15:36:21.219;;;;;;;;132000_0034342064;;;;Camera01;06;EDI+EDI;;Accept;;132000;2474;;123;Departures;;;;;;;;;;;;
D01/00000D45A4CB0006;132303909984517522;2020-04-03;15:36:38.452;application/x-bolt;23193;0950721287;132303909770770000;2020-04-03;15:36:17.077;;;;;;18006;132303909950830000;2020-04-03;15:36:35.083;;;;;;;;132000_0034342065;;;;Camera06;06;EDI+EDI;;Accept;;132000;2475;;123;Departures;;;;;;;;;;;;
D01/00000D45A4D10006;132303910440171805;2020-04-03;15:37:24.017;application/x-bolt;23508;0950721290;132303910226230000;2020-04-03;15:37:02.623;;;;;;18007;132303910406300000;2020-04-03;15:37:20.630;;;;;;;;132000_0034342066;;;;Camera03;05;EDI+EDI;;Accept;;132000;2416;;123;Departures;;;;;;;;;;;;
D01/00000D45A4D70007;132303910749472658;2020-04-03;15:37:54.947;application/x-bolt;24457;0950721291 / 0050721291;132303910535620000;2020-04-03;15:37:33.562;;;;;;18006;132303910715680000;2020-04-03;15:37:51.568;;;;;;;;132000_0034342067;;;Multiple main barcodes detected;;;EDI+EDI;;Accept;;132000;2399;;123;Departures;;;;;;;;;;;;
D01/00000D45A4DE0006;132303910950261997;2020-04-03;15:38:15.026;application/x-bolt;23140;0950721292;132303910736430000;2020-04-03;15:37:53.643;;;;;;18007;132303910916500000;2020-04-03;15:38:11.650;;;;;;;;132000_0034342068;;;;Camera03;12;EDI+EDI;;Accept;;132000;2402;;123;Departures;;;;;;;;;;;;
D01/00000D45A4E40006;132303911489326621;2020-04-03;15:39:08.933;application/x-bolt;22907;0950721294;132303911275500000;2020-04-03;15:38:47.550;;;;;;18007;132303911455570000;2020-04-03;15:39:05.557;;;;;;;;132000_0034342070;;;;Camera01;07;EDI+EDI;;Accept;;132000;2379;;123;Departures;;;;;;;;;;;;
D01/00000D45A4EA0006;132303911521433699;2020-04-03;15:39:12.143;application/x-bolt;24031;0950721295;132303911307530000;2020-04-03;15:38:50.753;;;;;;18007;132303911487600000;2020-04-03;15:39:08.760;;;;;;;;132000_0034342069;;;;Camera05;11;EDI+EDI;;Accept;;132000;2384;;123;Departures;;;;;;;;;;;;
D01/00000D45A4F00006;132303911580373406;2020-04-03;15:39:18.037;application/x-bolt;23263;0950721293;132303911366510000;2020-04-03;15:38:56.651;;;;;;18006;132303911546570000;2020-04-03;15:39:14.657;;;;;;;;132000_0034342071;;;;Camera01;09;EDI+EDI;;Accept;;132000;2401;;123;Departures;;;;;;;;;;;;
D01/00000D45A4F60006;132303911608026731;2020-04-03;15:39:20.803;application/x-bolt;23477;0950721289;132303911394180000;2020-04-03;15:38:59.418;;;;;;18008;132303911574260000;2020-04-03;15:39:17.426;;;;;;;;132000_0034342072;;;;Camera02;06;EDI+EDI;;Accept;;132000;2428;;123;Departures;;;;;;;;;;;;
D01/00000D45A4FC0006;132303912090453591;2020-04-03;15:40:09.045;application/x-bolt;23519;0950721301;132303911876600000;2020-04-03;15:39:47.660;;;;;;18007;132303912056670000;2020-04-03;15:40:05.667;;;;;;;;132000_0034342074;;;;Camera03;05;EDI+EDI;;Accept;;132000;2380;;123;Departures;;;;;;;;;;;;
D01/00000D45A5020006;132303912120288750;2020-04-03;15:40:12.029;application/x-bolt;24164;0950721300;132303911906010000;2020-04-03;15:39:50.601;;;;;;18007;132303912086080000;2020-04-03;15:40:08.608;;;;;;;;132000_0034342073;;;;;;EDI+EDI;;Accept;;132000;2389;;123;Departures;;;;;;;;;;;;
D01/00000D45A5080007;132303912146931220;2020-04-03;15:40:14.693;application/x-bolt;24382;0235331037 / 0950721299;132303911933080000;2020-04-03;15:39:53.308;;;;;;18007;132303912113150000;2020-04-03;15:40:11.315;;;;;;;;132000_0034342075;;;Multiple main barcodes detected;;;EDI+EDI;;Accept;;132000;2445;;123;Departures;;;;;;;;;;;;
D01/00000D45A50F0007;132303912230641821;2020-04-03;15:40:23.064;application/x-bolt;24710;0950721302;132303912016890000;2020-04-03;15:40:01.689;;;;;;18006;132303912196950000;2020-04-03;15:40:19.695;;;;;;;;132000_0034342076;;;;;;EDI+EDI;;Accept;;132000;2411;;123;Departures;;;;;;;;;;;;
D01/00000D45A5160007;132303912264730572;2020-04-03;15:40:26.473;application/x-bolt;25698;0950721298;132303912050910000;2020-04-03;15:40:05.091;;;;;;18007;132303912230980000;2020-04-03;15:40:23.098;;;;;;;;132000_0034342077;;;;;;EDI+EDI;;Accept;;132000;2432;;123;Departures;;;;;;;;;;;;
D01/00000D45A51D0007;132303912376564885;2020-04-03;15:40:37.656;application/x-bolt;25606;0950721303;132303912162660000;2020-04-03;15:40:16.266;;;;;;18007;132303912342730000;2020-04-03;15:40:34.273;;;;;;;;132000_0034342078;;;;;;EDI+EDI;;Accept;;132000;2590;;123;Departures;;;;;;;;;;;;
D01/00000D45A5240006;132303912402276573;2020-04-03;15:40:40.228;application/x-bolt;22605;0950721304;132303912188440000;2020-04-03;15:40:18.844;;;;;;18007;132303912368510000;2020-04-03;15:40:36.851;;;;;;;;132000_0034342079;;;;Camera06;05;EDI+EDI;;Accept;;132000;2291;;123;Departures;;;;;;;;;;;;
D01/00000D45A52A0006;132303912463087857;2020-04-03;15:40:46.309;application/x-bolt;23387;0950721306;132303912249130000;2020-04-03;15:40:24.913;;;;;;18019;132303912429320000;2020-04-03;15:40:42.932;;;;;;;;132000_0034342082;;;;Camera01;09;EDI+EDI;;Accept;;132000;2453;;123;Departures;;;;;;;;;;;;
D01/00000D45A5300007;132303912511278500;2020-04-03;15:40:51.128;application/x-bolt;24891;0950721305;132303912297340000;2020-04-03;15:40:29.734;;;;;;18007;132303912477410000;2020-04-03;15:40:47.741;;;;;;;;132000_0034342083;;;;;;EDI+EDI;;Accept;;132000;2447;;123;Departures;;;;;;;;;;;;
D01/00000D45A5370006;132303912777673167;2020-04-03;15:41:17.767;application/x-bolt;23757;0950721297;132303912563790000;2020-04-03;15:40:56.379;;;;;;18007;132303912743860000;2020-04-03;15:41:14.386;;;;;;;;132000_0034342089;;;;Camera05;02;EDI+EDI;;Accept;;132000;2482;;123;Departures;;;;;;;;;;;;
D01/00000D45A53D0007;132303912825593578;2020-04-03;15:41:22.559;application/x-bolt;24392;0950721307;132303912611570000;2020-04-03;15:41:01.157;;;;;;18007;132303912791640000;2020-04-03;15:41:19.164;;;;;;;;132000_0034342085;;;;;;EDI+EDI;;Accept;;132000;2445;;123;Departures;;;;;;;;;;;;
D01/00000D45A5440007;132303912991623604;2020-04-03;15:41:39.162;application/x-bolt;25496;0950721296;132303912777670000;2020-04-03;15:41:17.767;;;;;;18009;132303912957760000;2020-04-03;15:41:35.776;;;;;;;;132000_0034342087;;;;;;EDI+EDI;;Accept;;132000;2455;;123;Departures;;;;;;;;;;;;
D01/00000D45A54B0007;132303913079167438;2020-04-03;15:41:47.917;application/x-bolt;26176;0950721308;132303912865310000;2020-04-03;15:41:26.531;;;;;;18009;132303913045400000;2020-04-03;15:41:44.540;;;;;;;;132000_0034342088;;;;;;EDI+EDI;;Accept;;132000;2439;;123;Departures;;;;;;;;;;;;
D01/00000D45A5520007;132303913285981853;2020-04-03;15:42:08.598;application/x-bolt;24758;0950721309;132303913071940000;2020-04-03;15:41:47.194;;;;;;18008;132303913252020000;2020-04-03;15:42:05.202;;;;;;;;132000_0034342090;;;;;;EDI+EDI;;Accept;;132000;2446;;123;Departures;;;;;;;;;;;;
D01/00000D45A5590006;132303913365689073;2020-04-03;15:42:16.569;application/x-bolt;22564;0950721310;132303913151830000;2020-04-03;15:41:55.183;;;;;;18007;132303913331900000;2020-04-03;15:42:13.190;;;;;;;;132000_0034342091;;;;Camera02;10;EDI+EDI;;Accept;;132000;3673;;123;Departures;;;;;;;;;;;;
D01/00000D45A55F0006;132303913476142227;2020-04-03;15:42:27.614;application/x-bolt;21325;0950721311;132303913262330000;2020-04-03;15:42:06.233;;;;;;18008;132303913442410000;2020-04-03;15:42:24.241;;;;;;;;132000_0034342092;;;;;;EDI+EDI;;Accept;;132000;2434;;123;Departures;;;;;;;;;;;;
D01/00000D45A5650007;132303913705355539;2020-04-03;15:42:50.536;application/x-bolt;25533;0950721314;132303913491420000;2020-04-03;15:42:29.142;;;;;;18007;132303913671490000;2020-04-03;15:42:47.149;;;;;;;;132000_0034342093;;;;;;EDI+EDI;;Accept;;132000;2452;;123;Departures;;;;;;;;;;;;
D01/00000D45A56C0007;132303913841440309;2020-04-03;15:43:04.144;application/x-bolt;25925;0950721316;132303913627450000;2020-04-03;15:42:42.745;;;;;;18010;132303913807550000;2020-04-03;15:43:00.755;;;;;;;;132000_0034342094;;;;;;EDI+EDI;;Accept;;132000;2460;;123;Departures;;;;;;;;;;;;
D01/00000D45A5730007;132303914421719694;2020-04-03;15:44:02.172;application/x-bolt;25665;0950721315;132303914207870000;2020-04-03;15:43:40.787;;;;;;18006;132303914387930000;2020-04-03;15:43:58.793;;;;;;;;132000_0034342095;;;;;;EDI+EDI;;Accept;;132000;2454;;123;Departures;;;;;;;;;;;;
D01/00000D45A57A0006;132303914696241217;2020-04-03;15:44:29.624;application/x-bolt;23876;0950721319;132303914482320000;2020-04-03;15:44:08.232;;;;;;18006;132303914662380000;2020-04-03;15:44:26.238;;;;;;;;132000_0034342098;;;;Camera03;04;EDI+EDI;;Accept;;132000;2469;;123;Departures;;;;;;;;;;;;
D01/00000D45A5800007;132303915017191892;2020-04-03;15:45:01.719;application/x-bolt;25445;0950721321;132303914803450000;2020-04-03;15:44:40.345;;;;;;18007;132303914983520000;2020-04-03;15:44:58.352;;;;;;;;132000_0034342099;;;;;;EDI+EDI;;Accept;;132000;2432;;123;Departures;;;;;;;;;;;;
D01/00000D45A5870006;132303915107828337;2020-04-03;15:45:10.783;application/x-bolt;24143;0950721312;132303914893950000;2020-04-03;15:44:49.395;;;;;;18007;132303915074020000;2020-04-03;15:45:07.402;;;;;;;;132000_0034342100;;;;;;EDI+EDI;;Accept;;132000;2441;;123;Departures;;;;;;;;;;;;
D01/00000D45A58D0006;132303915215659274;2020-04-03;15:45:21.566;application/x-bolt;23152;0950721313;132303915001760000;2020-04-03;15:45:00.176;;;;;;18006;132303915181820000;2020-04-03;15:45:18.182;;;;;;;;132000_0034342101;;;;Camera06;06;EDI+EDI;;Accept;;132000;2464;;123;Departures;;;;;;;;;;;;
D01/00000D45A5930007;132303915413115801;2020-04-03;15:45:41.312;application/x-bolt;24786;0950721322;132303915199140000;2020-04-03;15:45:19.914;;;;;;18007;132303915379210000;2020-04-03;15:45:37.921;;;;;;;;132000_0034342102;;;;;;EDI+EDI;;Accept;;132000;2434;;123;Departures;;;;;;;;;;;;
D01/00000D45A59A0007;132303915667870648;2020-04-03;15:46:06.787;application/x-bolt;25529;0950721323;132303915453900000;2020-04-03;15:45:45.390;;;;;;18007;132303915633970000;2020-04-03;15:46:03.397;;;;;;;;132000_0034342103;;;;;;EDI+EDI;;Accept;;132000;2414;;123;Departures;;;;;;;;;;;;
D01/00000D45A5A10007;132303915837773943;2020-04-03;15:46:23.777;application/x-bolt;24235;0950721324;132303915623750000;2020-04-03;15:46:02.375;;;;;;18006;132303915803810000;2020-04-03;15:46:20.381;;;;;;;;132000_0034342104;;;;;;EDI+EDI;;Accept;;132000;2420;;123;Departures;;;;;;;;;;;;
D01/00000D45A5A80006;132303915872953610;2020-04-03;15:46:27.295;application/x-bolt;23825;0950721320 / 0950664295;132303915658940000;2020-04-03;15:46:05.894;;;;;;18009;132303915839030000;2020-04-03;15:46:23.903;;;;;;;;132000_0034342105;;;Multiple main barcodes detected;;;EDI+EDI;;Accept;;132000;2437;;123;Departures;;;;;;;;;;;;
D01/00000D45A5AE0006;132303915952240477;2020-04-03;15:46:35.224;application/x-bolt;23812;0950721283;132303915738190000;2020-04-03;15:46:13.819;;;;;;18006;132303915918250000;2020-04-03;15:46:31.825;;;;;;;;132000_0034342106;;;;Camera02;06;EDI+EDI;;Accept;;132000;2435;;123;Departures;;;;;;;;;;;;
D01/00000D45A5B40006;132303916070680368;2020-04-03;15:46:47.068;application/x-bolt;21382;0950721214;132303915856940000;2020-04-03;15:46:25.694;;;;;;18006;132303916037000000;2020-04-03;15:46:43.700;;;;;;;;132000_0034342108;;;;;;EDI+EDI;;Accept;;132000;2413;;123;Departures;;;;;;;;;;;;
D01/00000D45A5BA0007;132303916100615615;2020-04-03;15:46:50.062;application/x-bolt;24408;0950721326;132303915886550000;2020-04-03;15:46:28.655;;;;;;18007;132303916066620000;2020-04-03;15:46:46.662;;;;;;;;132000_0034342107;;;;Camera04;03;EDI+EDI;;Accept;;132000;2420;;123;Departures;;;;;;;;;;;;
D01/00000D45A5C10006;132303916161647086;2020-04-03;15:46:56.165;application/x-bolt;23907;0950721327;132303915947550000;2020-04-03;15:46:34.755;;;;;;18018;132303916127730000;2020-04-03;15:46:52.773;;;;;;;;132000_0034342109;;;;;;EDI+EDI;;Accept;;132000;2433;;123;Departures;;;;;;;;;;;;
D01/00000D45A5C70007;132303916242905617;2020-04-03;15:47:04.291;application/x-bolt;25382;0950721328;132303916029030000;2020-04-03;15:46:42.903;;;;;;18007;132303916209100000;2020-04-03;15:47:00.910;;;;;;;;132000_0034342111;;;;;;EDI+EDI;;Accept;;132000;2449;;123;Departures;;;;;;;;;;;;
D01/00000D45A5CE0006;132303916273761638;2020-04-03;15:47:07.376;application/x-bolt;23446;0950721329;132303916059940000;2020-04-03;15:46:45.994;;;;;;18013;132303916240070000;2020-04-03;15:47:04.007;;;;;;;;132000_0034342113;;;;Camera03;05;EDI+EDI;;Accept;;132000;2434;;123;Departures;;;;;;;;;;;;
D01/00000D45A5D40007;132303916719667698;2020-04-03;15:47:51.967;application/x-bolt;25137;0950721330;132303916505680000;2020-04-03;15:47:30.568;;;;;;18007;132303916685750000;2020-04-03;15:47:48.575;;;;;;;;132000_0034342112;;;;;;EDI+EDI;;Accept;;132000;2441;;123;Departures;;;;;;;;;;;;
D01/00000D45A5DB0007;132303917109496466;2020-04-03;15:48:30.950;application/x-bolt;25919;0950721331;132303916895560000;2020-04-03;15:48:09.556;;;;;;18006;132303917075620000;2020-04-03;15:48:27.562;;;;;;;;132000_0034342114;;;;;;EDI+EDI;;Accept;;132000;2441;;123;Departures;;;;;;;;;;;;
D01/00000D45A5E20006;132303917371447388;2020-04-03;15:48:57.145;application/x-bolt;22874;0950721332;132303917157380000;2020-04-03;15:48:35.738;;;;;;18007;132303917337450000;2020-04-03;15:48:53.745;;;;;;;;132000_0034342115;;;;Camera05;08;EDI+EDI;;Accept;;132000;3122;;123;Departures;;;;;;;;;;;;
D01/00000D45A5E80006;132303917396668654;2020-04-03;15:48:59.667;application/x-bolt;23977;0950721333;132303917182670000;2020-04-03;15:48:38.267;;;;;;18007;132303917362740000;2020-04-03;15:48:56.274;;;;;;;;132000_0034342116;;;;Camera05;01;EDI+EDI;;Accept;;132000;2410;;123;Departures;;;;;;;;;;;;
D01/00000D45A5EE0006;132303917567652858;2020-04-03;15:49:16.765;application/x-bolt;23833;0950721334;132303917353620000;2020-04-03;15:48:55.362;;;;;;18007;132303917533690000;2020-04-03;15:49:13.369;;;;;;;;132000_0034342117;;;;Camera03;05;EDI+EDI;;Accept;;132000;3495;;123;Departures;;;;;;;;;;;;
D01/00000D45A5F40006;132303917686613200;2020-04-03;15:49:28.661;application/x-bolt;21407;0950721335;132303917472610000;2020-04-03;15:49:07.261;;;;;;18007;132303917652680000;2020-04-03;15:49:25.268;;;;;;;;132000_0034342118;;;;;;EDI+EDI;;Accept;;132000;2431;;123;Departures;;;;;;;;;;;;
D01/00000D45A5FA0006;132303917742250109;2020-04-03;15:49:34.225;application/x-bolt;23831;0950721336;132303917528250000;2020-04-03;15:49:12.825;;;;;;18008;132303917708330000;2020-04-03;15:49:30.833;;;;;;;;132000_0034342119;;;;Camera05;03;EDI+EDI;;Accept;;132000;2457;;123;Departures;;;;;;;;;;;;
D01/00000D45A6000006;132303917803281579;2020-04-03;15:49:40.328;application/x-bolt;23287;0950721338;132303917588550000;2020-04-03;15:49:18.855;;;;;;18081;132303917769360000;2020-04-03;15:49:36.936;;;;;;;;132000_0034342120;;;;;;EDI+EDI;;Accept;;132000;2458;;123;Departures;;;;;;;;;;;;
D01/00000D45A6060007;132303917970352482;2020-04-03;15:49:57.035;application/x-bolt;24632;0950721337;132303917756410000;2020-04-03;15:49:35.641;;;;;;18007;132303917936480000;2020-04-03;15:49:53.648;;;;;;;;132000_0034342121;;;;;;EDI+EDI;;Accept;;132000;3219;;123;Departures;;;;;;;;;;;;
D01/00000D45A60D0006;132303918258875810;2020-04-03;15:50:25.888;application/x-bolt;23290;0950721341;132303918044930000;2020-04-03;15:50:04.493;;;;;;18007;132303918225000000;2020-04-03;15:50:22.500;;;;;;;;132000_0034342122;;;;Camera03;05;EDI+EDI;;Accept;;132000;2457;;123;Departures;;;;;;;;;;;;
D01/00000D45A6130007;132303918454280609;2020-04-03;15:50:45.428;application/x-bolt;26372;0950721340;132303918240140000;2020-04-03;15:50:24.014;;;;;;18006;132303918420200000;2020-04-03;15:50:42.020;;;;;;;;132000_0034342123;;;;;;EDI+EDI;;Accept;;132000;2460;;123;Departures;;;;;;;;;;;;
D01/00000D45A61A0006;132303918877737734;2020-04-03;15:51:27.774;application/x-bolt;23917;0950721342;132303918663840000;2020-04-03;15:51:06.384;;;;;;18007;132303918843910000;2020-04-03;15:51:24.391;;;;;;;;132000_0034342124;;;;Camera02;11;EDI+EDI;;Accept;;132000;2443;;123;Departures;;;;;;;;;;;;
D01/00000D45A6200007;132303918989191735;2020-04-03;15:51:38.919;application/x-bolt;25646;0950721344;132303918775170000;2020-04-03;15:51:17.517;;;;;;18008;132303918955250000;2020-04-03;15:51:35.525;;;;;;;;132000_0034342125;;;;;;EDI+EDI;;Accept;;132000;2459;;123;Departures;;;;;;;;;;;;
D01/00000D45A6270007;132303919135375017;2020-04-03;15:51:53.538;application/x-bolt;24936;0950721343;132303918921300000;2020-04-03;15:51:32.130;;;;;;18007;132303919101370000;2020-04-03;15:51:50.137;;;;;;;;132000_0034342126;;;;;;EDI+EDI;;Accept;;132000;2407;;123;Departures;;;;;;;;;;;;
D01/00000D45A62E0006;132303919418033409;2020-04-03;15:52:21.803;application/x-bolt;23817;0950721345;132303919203940000;2020-04-03;15:52:00.394;;;;;;18007;132303919384010000;2020-04-03;15:52:18.401;;;;;;;;132000_0034342127;;;;Camera05;03;EDI+EDI;;Accept;;132000;2433;;123;Departures;;;;;;;;;;;;
D01/00000D45A6340007;132303919562885562;2020-04-03;15:52:36.289;application/x-bolt;24423;0950721348;132303919348820000;2020-04-03;15:52:14.882;;;;;;18007;132303919528890000;2020-04-03;15:52:32.889;;;;;;;;132000_0034342128;;;;Camera01;09;EDI+EDI;;Accept;;132000;3978;;123;Departures;;;;;;;;;;;;
D01/00000D45A63B0007;132303919638889665;2020-04-03;15:52:43.889;application/x-bolt;24575;0950721346;132303919425020000;2020-04-03;15:52:22.502;;;;;;18007;132303919605090000;2020-04-03;15:52:40.509;;;;;;;;132000_0034342129;;;;;;EDI+EDI;;Accept;;132000;2436;;123;Departures;;;;;;;;;;;;
D01/00000D45A6420007;132303919912320266;2020-04-03;15:53:11.232;application/x-bolt;25347;0950721347;132303919697820000;2020-04-03;15:52:49.782;;;;;;18033;132303919878150000;2020-04-03;15:53:07.815;;;;;;;;132000_0034342134;;;;;;EDI+EDI;;Accept;;132000;2399;;123;Departures;;;;;;;;;;;;
D01/00000D45A6490007;132303919956567579;2020-04-03;15:53:15.657;application/x-bolt;27078;0950721349;132303919742510000;2020-04-03;15:52:54.251;;;;;;18007;132303919922580000;2020-04-03;15:53:12.258;;;;;;;;132000_0034342131;;;;;;EDI+EDI;;Accept;;132000;2434;;123;Departures;;;;;;;;;;;;
D01/00000D45A6500006;132303920045662720;2020-04-03;15:53:24.566;application/x-bolt;23001;0950721351;132303919831670000;2020-04-03;15:53:03.167;;;;;;18008;132303920011750000;2020-04-03;15:53:21.175;;;;;;;;132000_0034342132;;;;Camera06;06;EDI+EDI;;Accept;;132000;2429;;123;Departures;;;;;;;;;;;;
D01/00000D45A6560007;132303920070173391;2020-04-03;15:53:27.017;application/x-bolt;25363;0950721350;132303919856090000;2020-04-03;15:53:05.609;;;;;;18010;132303920036190000;2020-04-03;15:53:23.619;;;;;;;;132000_0034342133;;;;;;EDI+EDI;;Accept;;132000;2441;;123;Departures;;;;;;;;;;;;
D01/00000D45A65D0006;132303920320554553;2020-04-03;15:53:52.055;application/x-bolt;24110;0950721354;132303920106460000;2020-04-03;15:53:30.646;;;;;;18007;132303920286530000;2020-04-03;15:53:48.653;;;;;;;;132000_0034342135;;;;;;EDI+EDI;;Accept;;132000;2428;;123;Departures;;;;;;;;;;;;
D01/00000D45A6630006;132303920774667537;2020-04-03;15:54:37.467;application/x-bolt;22875;0950721353;132303920560580000;2020-04-03;15:54:16.058;;;;;;18006;132303920740640000;2020-04-03;15:54:34.064;;;;;;;;132000_0034342136;;;;Camera06;04;EDI+EDI;;Accept;;132000;2809;;123;Departures;;;;;;;;;;;;
D01/00000D45A6690006;132303920808345941;2020-04-03;15:54:40.835;application/x-bolt;23861;0950721355;132303920594400000;2020-04-03;15:54:19.440;;;;;;18006;132303920774460000;2020-04-03;15:54:37.446;;;;;;;;132000_0034342137;;;;;;EDI+EDI;;Accept;;132000;2450;;123;Departures;;;;;;;;;;;;
D01/00000D45A66F0007;132303921122881207;2020-04-03;15:55:12.288;application/x-bolt;24361;0950721356;132303920908800000;2020-04-03;15:54:50.880;;;;;;18006;132303921088860000;2020-04-03;15:55:08.886;;;;;;;;132000_0034342138;;;;;;EDI+EDI;;Accept;;132000;2399;;123;Departures;;;;;;;;;;;;
D01/00000D45A6760006;132303921152656319;2020-04-03;15:55:15.266;application/x-bolt;23258;0950721359;132303920938660000;2020-04-03;15:54:53.866;;;;;;18006;132303921118720000;2020-04-03;15:55:11.872;;;;;;;;132000_0034342139;;;;Camera04;03;EDI+EDI;;Accept;;132000;2419;;123;Departures;;;;;;;;;;;;
D01/00000D45A67C0006;132303921178117792;2020-04-03;15:55:17.812;application/x-bolt;23784;0950721357;132303920963960000;2020-04-03;15:54:56.396;;;;;;18007;132303921144030000;2020-04-03;15:55:14.403;;;;;;;;132000_0034342140;;;;Camera05;03;EDI+EDI;;Accept;;132000;2432;;123;Departures;;;;;;;;;;;;
D01/00000D45A6820007;132303921345038563;2020-04-03;15:55:34.504;application/x-bolt;25896;0950721360;132303921130860000;2020-04-03;15:55:13.086;;;;;;18007;132303921310930000;2020-04-03;15:55:31.093;;;;;;;;132000_0034342141;;;;;;EDI+EDI;;Accept;;132000;2409;;123;Departures;;;;;;;;;;;;
D01/00000D45A6890007;132303921398653782;2020-04-03;15:55:39.865;application/x-bolt;24471;0950721358;132303921184540000;2020-04-03;15:55:18.454;;;;;;18008;132303921364620000;2020-04-03;15:55:36.462;;;;;;;;132000_0034342142;;;;;;EDI+EDI;;Accept;;132000;2450;;123;Departures;;;;;;;;;;;;
D01/00000D45A6900007;132303921497387050;2020-04-03;15:55:49.739;application/x-bolt;25359;0950721362;132303921283280000;2020-04-03;15:55:28.328;;;;;;18008;132303921463360000;2020-04-03;15:55:46.336;;;;;;;;132000_0034342147;;;;;;EDI+EDI;;Accept;;132000;2542;;123;Departures;;;;;;;;;;;;
D01/00000D45A6970006;132303921550221614;2020-04-03;15:55:55.022;application/x-bolt;22322;0950721363 / 0096486977;132303921336130000;2020-04-03;15:55:33.613;;;;;;18007;132303921516200000;2020-04-03;15:55:51.620;;;;;;;;132000_0034342144;;;Multiple main barcodes detected;;;EDI+EDI;;Accept;;132000;2432;;123;Departures;;;;;;;;;;;;
D01/00000D45A69D0007;132303921638345932;2020-04-03;15:56:03.835;application/x-bolt;25276;0950721361;132303921424130000;2020-04-03;15:55:42.413;;;;;;18012;132303921604250000;2020-04-03;15:56:00.425;;;;;;;;132000_0034342145;;;;;;EDI+EDI;;Accept;;132000;2470;;123;Departures;;;;;;;;;;;;
D01/00000D45A6A40006;132303921775671747;2020-04-03;15:56:17.567;application/x-bolt;23174;0950721364;132303921561640000;2020-04-03;15:55:56.164;;;;;;18007;132303921741710000;2020-04-03;15:56:14.171;;;;;;;;132000_0034342146;;;;Camera05;01;EDI+EDI;;Accept;;132000;2699;;123;Departures;;;;;;;;;;;;
D01/00000D45A6AA0007;132303922202401637;2020-04-03;15:57:00.240;application/x-bolt;24549;0950721365 / 0235607042;132303921988490000;2020-04-03;15:56:38.849;;;;;;18008;132303922168570000;2020-04-03;15:56:56.857;;;;;;;;132000_0034342151;;;Multiple main barcodes detected;Camera03;05;EDI+EDI;;Accept;;132000;2454;;123;Departures;;;;;;;;;;;;
D01/00000D45A6B10006;132303922286392467;2020-04-03;15:57:08.639;application/x-bolt;23563;0950721371;132303922072130000;2020-04-03;15:56:47.213;;;;;;18009;132303922252220000;2020-04-03;15:57:05.222;;;;;;;;132000_0034342149;;;;Camera05;08;EDI+EDI;;Accept;;132000;3646;;123;Departures;;;;;;;;;;;;
D01/00000D45A6B70007;132303922856132966;2020-04-03;15:58:05.613;application/x-bolt;24140;0950721373 / 0235924065;132303922642060000;2020-04-03;15:57:44.206;;;;;;18007;132303922822130000;2020-04-03;15:58:02.213;;;;;;;;132000_0034342150;;;Multiple main barcodes detected;;;EDI+EDI;;Accept;;132000;2455;;123;Departures;;;;;;;;;;;;
D01/00000D45A6BE0006;132303923085326262;2020-04-03;15:58:28.533;application/x-bolt;24047;0950721374;132303922871110000;2020-04-03;15:58:07.111;;;;;;18006;132303923051170000;2020-04-03;15:58:25.117;;;;;;;;132000_0034342153;;;;;;EDI+EDI;;Accept;;132000;3740;;123;Departures;;;;;;;;;;;;
D01/00000D45A6C40007;132303923114150571;2020-04-03;15:58:31.415;application/x-bolt;24840;0950721380 / 0235903406;132303922900040000;2020-04-03;15:58:10.004;;;;;;18007;132303923080110000;2020-04-03;15:58:28.011;;;;;;;;132000_0034342156;;;Multiple main barcodes detected;;;EDI+EDI;;Accept;;132000;2438;;123;Departures;;;;;;;;;;;;
D01/00000D45A6CB0007;132303923146367740;2020-04-03;15:58:34.637;application/x-bolt;25179;0950721375;132303922931740000;2020-04-03;15:58:13.174;;;;;;18053;132303923112270000;2020-04-03;15:58:31.227;;;;;;;;132000_0034342154;;;;;;EDI+EDI;;Accept;;132000;2475;;123;Departures;;;;;;;;;;;;
D01/00000D45A6D20006;132303923172599870;2020-04-03;15:58:37.260;application/x-bolt;24076;0950721372;132303922958500000;2020-04-03;15:58:15.850;;;;;;18007;132303923138570000;2020-04-03;15:58:33.857;;;;;;;;132000_0034342152;;;;Camera04;01;EDI+EDI;;Accept;;132000;2477;;123;Departures;;;;;;;;;;;;
D01/00000D45A6D80007;132303923200653523;2020-04-03;15:58:40.065;application/x-bolt;25764;0950721368;132303922986430000;2020-04-03;15:58:18.643;;;;;;18007;132303923166500000;2020-04-03;15:58:36.650;;;;;;;;132000_0034342155;;;;;;EDI+EDI;;Accept;;132000;2434;;123;Departures;;;;;;;;;;;;
D01/00000D45A6DF0007;132303923256210378;2020-04-03;15:58:45.621;application/x-bolt;25009;0950721377;132303923042050000;2020-04-03;15:58:24.205;;;;;;18008;132303923222130000;2020-04-03;15:58:42.213;;;;;;;;132000_0034342157;;;;;;EDI+EDI;;Accept;;132000;2468;;123;Departures;;;;;;;;;;;;
D01/00000D45A6E60006;132303923283513404;2020-04-03;15:58:48.351;application/x-bolt;23039;0950721369;132303923069340000;2020-04-03;15:58:26.934;;;;;;18010;132303923249440000;2020-04-03;15:58:44.944;;;;;;;;132000_0034342158;;;;Camera05;08;EDI+EDI;;Accept;;132000;2455;;123;Departures;;;;;;;;;;;;
D01/00000D45A6EC0007;132303923317902404;2020-04-03;15:58:51.790;application/x-bolt;24456;0950721381;132303923103770000;2020-04-03;15:58:30.377;;;;;;18008;132303923283850000;2020-04-03;15:58:48.385;;;;;;;;132000_0034342160;;;;;;EDI+EDI;;Accept;;132000;2468;;123;Departures;;;;;;;;;;;;
D01/00000D45A6F30007;132303923349408978;2020-04-03;15:58:54.941;application/x-bolt;26932;0950721378;132303923135210000;2020-04-03;15:58:33.521;;;;;;18007;132303923315280000;2020-04-03;15:58:51.528;;;;;;;;132000_0034342159;;;;;;EDI+EDI;;Accept;;132000;2483;;123;Departures;;;;;;;;;;;;
D01/00000D45A6FA0006;132303923374870451;2020-04-03;15:58:57.487;application/x-bolt;22253;0950721366 / 0950721370;132303923160820000;2020-04-03;15:58:36.082;;;;;;18007;132303923340890000;2020-04-03;15:58:54.089;;;;;;;;132000_0034342161;;;Multiple main barcodes detected;;;EDI+EDI;;Accept;;132000;2468;;123;Departures;;;;;;;;;;;;
D01/00000D45A7000006;132303923429026122;2020-04-03;15:59:02.903;application/x-bolt;21387;0950721376;132303923214950000;2020-04-03;15:58:41.495;;;;;;18008;132303923395030000;2020-04-03;15:58:59.503;;;;;;;;132000_0034342162;;;;;;EDI+EDI;;Accept;;132000;2481;;123;Departures;;;;;;;;;;;;
D01/00000D45A7060006;132303923458190722;2020-04-03;15:59:05.819;application/x-bolt;23575;0950721366;132303923244030000;2020-04-03;15:58:44.403;;;;;;18008;132303923424110000;2020-04-03;15:59:02.411;;;;;;;;132000_0034342163;;;;Camera03;06;EDI+EDI;;Accept;;132000;2481;;123;Departures;;;;;;;;;;;;
D01/00000D45A70C0007;132303923509423931;2020-04-03;15:59:10.942;application/x-bolt;25575;0950721367;132303923295370000;2020-04-03;15:58:49.537;;;;;;18006;132303923475430000;2020-04-03;15:59:07.543;;;;;;;;132000_0034342165;;;;;;EDI+EDI;;Accept;;132000;2498;;123;Departures;;;;;;;;;;;;
D01/00000D45A7130007;132303924159902520;2020-04-03;16:00:15.990;application/x-bolt;24796;0950721382;132303923945760000;2020-04-03;15:59:54.576;;;;;;18007;132303924125830000;2020-04-03;16:00:12.583;;;;;;;;132000_0034342166;;;;;;EDI+EDI;;Accept;;132000;2482;;123;Departures;;;;;;;;;;;;
